Workbook

Sheet Initial data
A1: DAY | B1: 1996 | C1: 1997 | D1: 1998 | E1: 1999 | F1: 2000 | G1: 2001 | H1: 2002 | I1: 2003 | J1: 2004 | K1: 2005 | L1: 2006 | M1: 2007 | N1: 2008 | O1: 2009 | P1: 2010 | Q1: 2011 | R1: 2012 | S1: 2013 | T1: 2014 | U1: 2015
A2: 45839 | B2: 98 | C2: 86 | D2: 91 | E2: 84 | F2: 89 | G2: 84 | H2: 90 | I2: 73 | J2: 82 | K2: 91 | L2: 93 | M2: 95 | N2: 85 | O2: 95 | P2: 87 | Q2: 92 | R2: 105 | S2: 82 | T2: 90 | U2: 85
A3: 45840 | B3: 97 | C3: 90 | D3: 88 | E3: 82 | F3: 91 | G3: 87 | H3: 90 | I3: 81 | J3: 81 | K3: 89 | L3: 93 | M3: 85 | N3: 87 | O3: 90 | P3: 84 | Q3: 94 | R3: 93 | S3: 85 | T3: 93 | U3: 87
A4: 45841 | B4: 97 | C4: 93 | D4: 91 | E4: 87 | F4: 93 | G4: 87 | H4: 87 | I4: 87 | J4: 86 | K4: 86 | L4: 93 | M4: 82 | N4: 91 | O4: 89 | P4: 83 | Q4: 95 | R4: 99 | S4: 76 | T4: 87 | U4: 79
A5: 45842 | B5: 90 | C5: 91 | D5: 91 | E5: 88 | F5: 95 | G5: 84 | H5: 89 | I5: 86 | J5: 88 | K5: 86 | L5: 91 | M5: 86 | N5: 90 | O5: 91 | P5: 85 | Q5: 92 | R5: 98 | S5: 77 | T5: 84 | U5: 85
A6: 45843 | B6: 89 | C6: 84 | D6: 91 | E6: 90 | F6: 96 | G6: 86 | H6: 93 | I6: 80 | J6: 90 | K6: 89 | L6: 90 | M6: 88 | N6: 88 | O6: 80 | P6: 88 | Q6: 90 | R6: 100 | S6: 83 | T6: 86 | U6: 84
A7: 45844 | B7: 93 | C7: 84 | D7: 89 | E7: 91 | F7: 96 | G7: 87 | H7: 93 | I7: 84 | J7: 90 | K7: 82 | L7: 81 | M7: 87 | N7: 82 | O7: 87 | P7: 89 | Q7: 90 | R7: 98 | S7: 83 | T7: 87 | U7: 84
A8: 45845 | B8: 93 | C8: 75 | D8: 93 | E8: 82 | F8: 96 | G8: 87 | H8: 89 | I8: 87 | J8: 89 | K8: 76 | L8: 80 | M8: 82 | N8: 88 | O8: 86 | P8: 94 | Q8: 94 | R8: 93 | S8: 79 | T8: 89 | U8: 90
A9: 45846 | B9: 91 | C9: 87 | D9: 95 | E9: 86 | F9: 91 | G9: 89 | H9: 89 | I9: 90 | J9: 87 | K9: 88 | L9: 82 | M9: 82 | N9: 90 | O9: 82 | P9: 97 | Q9: 94 | R9: 95 | S9: 88 | T9: 90 | U9: 90
A10: 45847 | B10: 93 | C10: 84 | D10: 95 | E10: 87 | F10: 96 | G10: 91 | H10: 90 | I10: 89 | J10: 88 | K10: 89 | L10: 84 | M10: 89 | N10: 89 | O10: 84 | P10: 96 | Q10: 91 | R10: 97 | S10: 88 | T10: 90 | U10: 91
A11: 45848 | B11: 93 | C11: 87 | D11: 91 | E11: 87 | F11: 99 | G11: 87 | H11: 91 | I11: 84 | J11: 89 | K11: 78 | L11: 84 | M11: 86 | N11: 87 | O11: 84 | P11: 90 | Q11: 92 | R11: 95 | S11: 87 | T11: 87 | U11: 93
A12: 45849 | B12: 90 | C12: 84 | D12: 91 | E12: 82 | F12: 96 | G12: 90 | H12: 84 | I12: 84 | J12: 90 | K12: 83 | L12: 90 | M12: 85 | N12: 89 | O12: 86 | P12: 93 | Q12: 95 | R12: 90 | S12: 80 | T12: 85 | U12: 92
A13: 45850 | B13: 91 | C13: 88 | D13: 86 | E13: 77 | F13: 93 | G13: 90 | H13: 77 | I13: 86 | J13: 89 | K13: 86 | L13: 91 | M13: 87 | N13: 93 | O13: 90 | P13: 90 | Q13: 95 | R13: 84 | S13: 87 | T13: 90 | U13: 93
... A124: 45961 | B124: 81 | C124: 60 | D124: 79 | E124: 75 | F124: 78 | G124: 71 | H124: 60 | I124: 75 | J124: 82 | K124: 70 | L124: 68 | M124: 71 | N124: 67 | O124: 69 | P124: 75 | Q124: 65 | R124: 65 | S124: 74 | T124: 63 | U124: 62

Sheet Smoothed data
B1: 1997 | C1: 1998 | D1: 1999 | E1: 2000 | F1: 2001 | G1: 2002 | H1: 2003 | I1: 2004 | J1: 2005 | K1: 2006 | L1: 2007 | M1: 2008 | N1: 2009 | O1: 2010 | P1: 2011 | Q1: 2012 | R1: 2013 | S1: 2014 | T1: 2015
A2: 45839 | B2: 87.17619 | C2: 65.99606 | D2: 89.75466 | E2: 83.65738 | F2: 87.44361 | G2: 79.13415 | H2: 74.12006 | I2: 86.89937 | J2: 91.15242 | K2: 79.17602 | L2: 82.08626 | M2: 85.64527 | N2: 81.25471 | O2: 87.07795 | P2: 92.70889 | Q2: 83.33264 | R2: 87.07333 | S2: 98.76579 | T2: 89.08086
A3: 45840 | B3: 90.32925 | C3: 86.63516 | D3: 85.05435 | E3: 86.8649 | F3: 84.58717 | G3: 86.97737 | H3: 72.37889 | I3: 84.72274 | J3: 92.36299 | K3: 88.94595 | L3: 89.18548 | M3: 80.16002 | N3: 86.86767 | O3: 81.30538 | P3: 87.10638 | Q3: 94.1322 | R3: 75.36736 | S3: 87.73317 | T3: 84.11698
A4: 45841 | B4: 92.96089 | C4: 90.46471 | D4: 85.78686 | E4: 93.25382 | F4: 88.90811 | G4: 90.78638 | H4: 78.44689 | I4: 82.61629 | J4: 91.9993 | K4: 92.92709 | L4: 86.87669 | M4: 84.99336 | N4: 89.07355 | O4: 82.54299 | P4: 90.64593 | Q4: 91.82838 | R4: 81.93827 | S4: 88.12055 | T4: 81.57585
A5: 45842 | B5: 90.9336 | C5: 88.7712 | D5: 84.90009 | E5: 91.79686 | F5: 87.08965 | G5: 87.47605 | H5: 84.4183 | I5: 83.69406 | J5: 87.06963 | K5: 93.05548 | L5: 83.28236 | M5: 90.20184 | N5: 88.94787 | O5: 83.2182 | P5: 94.17789 | Q5: 95.83964 | R5: 76.22184 | S5: 87.01128 | T5: 79.10413
A6: 45843 | B6: 83.99752 | C6: 83.25107 | D6: 81.12482 | E6: 89.31287 | F6: 81.18354 | G6: 86.2941 | H6: 84.37192 | I6: 84.18777 | J6: 84.32874 | K6: 90.87864 | L6: 84.51007 | M6: 89.66314 | N6: 89.58972 | O6: 81.21594 | P6: 90.61737 | Q6: 95.47744 | R6: 75.44617 | S6: 85.16544 | T6: 83.96091
A7: 45844 | B7: 84.04358 | C7: 88.40825 | D7: 85.51084 | E7: 91.53539 | F7: 81.69877 | G7: 88.16103 | H7: 78.52036 | I7: 87.15484 | J7: 85.91322 | K7: 86.97635 | L7: 82.41612 | M7: 84.39436 | N7: 78.92613 | O7: 85.11707 | P7: 89.01132 | Q7: 97.60932 | R7: 78.70689 | S7: 83.29378 | T7: 82.17153
A8: 45845 | B8: 75.06732 | C8: 79.84696 | D8: 82.84716 | E8: 86.85257 | F8: 78.56069 | G8: 85.38192 | H8: 75.90623 | I8: 83.98806 | J8: 78.7376 | K8: 78.68583 | L8: 82.65049 | M8: 78.90719 | N8: 82.79176 | O8: 85.18183 | P8: 88.20794 | Q8: 97.42785 | R8: 80.08474 | S8: 83.14479 | T8: 81.23632
A9: 45846 | B9: 87.04284 | C9: 100.56714 | D9: 90.34795 | E9: 100.21903 | F9: 87.56955 | G9: 89.71938 | H9: 84.26703 | I9: 87.19313 | J9: 75.71746 | K9: 81.525 | L9: 84.01318 | M9: 86.42223 | N9: 85.24881 | O9: 89.97997 | P9: 90.62484 | Q9: 92.57693 | R9: 78.89465 | S9: 88.7004 | T9: 87.74986
A10: 45847 | B10: 84.01829 | C10: 93.89588 | D10: 85.89543 | E10: 93.70112 | F10: 90.53076 | G10: 91.05586 | H10: 89.79766 | I10: 87.42324 | J10: 84.3578 | K10: 80.74182 | L10: 82.17456 | M10: 90.15134 | N10: 83.46364 | O10: 95.78473 | P10: 92.57906 | Q10: 92.8526 | R10: 83.95288 | S10: 87.52736 | T10: 87.4536
A11: 45848 | B11: 87.05875 | C11: 97.66975 | D11: 88.02332 | E11: 96.16789 | F11: 91.90095 | G11: 90.28062 | H11: 89.56905 | I11: 87.09276 | J11: 86.99659 | K11: 79.57738 | L11: 83.6149 | M11: 85.3782 | N11: 80.39344 | O11: 93.15245 | P11: 88.04743 | Q11: 93.27795 | R11: 83.79832 | S11: 86.15293 | T11: 86.44475
A12: 45849 | B12: 84.04807 | C12: 90.29105 | D12: 85.93986 | E12: 96.01547 | F12: 86.03346 | G12: 90.00639 | H12: 83.71346 | I12: 87.4195 | J12: 80.2578 | K12: 84.19546 | L12: 87.1787 | M12: 87.47093 | N12: 83.77858 | O12: 91.77614 | P12: 92.29475 | Q12: 95.78661 | R12: 85.69499 | S12: 84.609 | T12: 88.5777
A13: 45850 | B13: 88.04445 | C13: 94.78863 | D13: 85.35298 | E13: 97.08828 | F13: 88.87612 | G13: 85.65434 | H13: 82.96066 | I13: 88.76612 | J13: 81.21436 | K13: 87.60916 | L13: 84.80383 | M13: 88.4736 | N13: 85.87368 | O13: 93.6152 | P13: 94.08832 | Q13: 91.58671 | R13: 81.17445 | S13: 86.55139 | T13: 93.17148
... A124: 45961 | B124: 63.83046 | C124: 78.85423 | D124: 72.35307 | E124: 75.98847 | F124: 68.53345 | G124: 69.9463 | H124: 72.87967 | I124: 76.16107 | J124: 67.97415 | K124: 73.08971 | L124: 66.49032 | M124: 64.55886 | N124: 70.776 | O124: 74.62618 | P124: 67.14295 | Q124: 63.30258 | R124: 84.47681 | S124: 76.28772 | T124: 75.38342
A125: Showing 1 to 15 of 123 entries, 19 total columns

Sheet CUSUM for smoothed data
D1: S0 | E1: 0
D2: C | E2: standard deviation/2
D3: h | E3: 50
B5: 1997 | D5: 1998 | F5: 1999 | H5: 2000 | J5: 2001 | L5: 2002 | N5: 2003 | P5: 2004 | R5: 2005 | T5: 2006 | V5: 2007 | X5: 2008 | Z5: 2009 | AB5: 2010 | AD5: 2011 | AF5: 2012 | AH5: 2013 | AJ5: 2014 | AL5: 2015
A6: control period mean | B6: =AVERAGE('Smoothed data'!B2:B63) -> 86.499574 | D6: =AVERAGE('Smoothed data'!C2:C63) -> 87.647798 | F6: =AVERAGE('Smoothed data'!D2:D63) -> 89.628196 | H6: =AVERAGE('Smoothed data'!E2:E63) -> 91.240678 | J6: =AVERAGE('Smoothed data'!F2:F63) -> 86.784678 | L6: =AVERAGE('Smoothed data'!G2:G63) -> 89.176787 | N6: =AVERAGE('Smoothed data'!H2:H63) -> 85.73695 | P6: =AVERAGE('Smoothed data'!I2:I63) -> 86.367682 | R6: =AVERAGE('Smoothed data'!J2:J63) -> 87.031922 | T6: =AVERAGE('Smoothed data'!K2:K63) -> 89.773378 | V6: =AVERAGE('Smoothed data'!L2:L63) -> 90.881187 | X6: =AVERAGE('Smoothed data'!M2:M63) -> 87.36514 | Z6: =AVERAGE('Smoothed data'!N2:N63) -> 86.880364 | AB6: =AVERAGE('Smoothed data'!O2:O63) -> 90.939262 | AD6: =AVERAGE('Smoothed data'!P2:P63) -> 92.392338 | AF6: =AVERAGE('Smoothed data'!Q2:Q63) -> 90.447447 | AH6: =AVERAGE('Smoothed data'!R2:R63) -> 84.334852 | AJ6: =AVERAGE('Smoothed data'!S2:S63) -> 87.241491 | AL6: =AVERAGE('Smoothed data'!T2:T63) -> 89.202125
A7: control period standard deviation | B7: =_xlfn.STDEV.S('Smoothed data'!B2:B63) -> 4.4957982 | D7: =_xlfn.STDEV.S('Smoothed data'!C2:C63) -> 5.6397148 | F7: =_xlfn.STDEV.S('Smoothed data'!D2:D63) -> 5.5372837 | H7: =_xlfn.STDEV.S('Smoothed data'!E2:E63) -> 5.3611469 | J7: =_xlfn.STDEV.S('Smoothed data'!F2:F63) -> 3.7713043 | L7: =_xlfn.STDEV.S('Smoothed data'!G2:G63) -> 4.0526203 | N7: =_xlfn.STDEV.S('Smoothed data'!H2:H63) -> 4.4516646 | P7: =_xlfn.STDEV.S('Smoothed data'!I2:I63) -> 3.9205247 | R7: =_xlfn.STDEV.S('Smoothed data'!J2:J63) -> 4.5039745 | T7: =_xlfn.STDEV.S('Smoothed data'!K2:K63) -> 4.5412185 | V7: =_xlfn.STDEV.S('Smoothed data'!L2:L63) -> 6.4995117 | X7: =_xlfn.STDEV.S('Smoothed data'!M2:M63) -> 3.7772226 | Z7: =_xlfn.STDEV.S('Smoothed data'!N2:N63) -> 4.0309706 | AB7: =_xlfn.STDEV.S('Smoothed data'!O2:O63) -> 3.882655 | AD7: =_xlfn.STDEV.S('Smoothed data'!P2:P63) -> 3.0337526 | AF7: =_xlfn.STDEV.S('Smoothed data'!Q2:Q63) -> 4.6606811 | AH7: =_xlfn.STDEV.S('Smoothed data'!R2:R63) -> 4.8076143 | AJ7: =_xlfn.STDEV.S('Smoothed data'!S2:S63) -> 3.5838847 | AL7: =_xlfn.STDEV.S('Smoothed data'!T2:T63) -> 4.0982463
A9: Date | B9: 1997 | D9: 1998 | F9: 1999 | H9: 2000 | J9: 2001 | L9: 2002 | N9: 2003 | P9: 2004 | R9: 2005 | T9: 2006 | V9: 2007 | X9: 2008 | Z9: 2009 | AB9: 2010 | AD9: 2011 | AF9: 2012 | AH9: 2013 | AJ9: 2014 | AL9: 2015
B10: Value | C10: S | D10: Value | E10: S | F10: Value | G10: S | H10: Value | I10: S | J10: Value | K10: S | L10: Value | M10: S | N10: Value | O10: S | P10: Value | Q10: S | R10: Value | S10: S | T10: Value | U10: S | V10: Value | W10: S | X10: Value | Y10: S | Z10: Value | AA10: S | AB10: Value | AC10: S | AD10: Value | AE10: S | AF10: Value | AG10: S | AH10: Value | AI10: S | AJ10: Value | AK10: S | AL10: Value | AM10: S
A11: 45839 | B11: 87.17619 | C11: =MAX(0, 0 + ($B$6 - B11 - ($B$7/2))) -> 0 | D11: 65.99606 | E11: =MAX(0, 0 + ($D$6 - D11 - ($D$7/2))) -> 18.831881 | F11: 89.75466 | G11: =MAX(0, 0 + ($F$6 - F11 - ($F$7/2))) -> 0 | H11: 83.65738 | I11: =MAX(0, 0 + ($H$6 - H11 - ($H$7/2))) -> 4.9027245 | J11: 87.44361 | K11: =MAX(0, 0 + ($J$6 - J11 - ($J$7/2))) -> 0 | L11: 79.13415 | M11: =MAX(0, 0 + ($L$6 - L11 - ($L$7/2))) -> 8.0163273 | N11: 74.12006 | O11: =MAX(0, 0 + ($N$6 - N11 - ($N$7/2))) -> 9.3910572 | P11: 86.89937 | Q11: =MAX(0, 0 + ($P$6 - P11 - ($P$7/2))) -> 0 | R11: 91.15242 | S11: =MAX(0, 0 + ($R$6 - R11 - ($R$7/2))) -> 0 | T11: 79.17602 | U11: =MAX(0, 0 + ($T$6 - T11 - ($T$7/2))) -> 8.326749 | V11: 82.08626 | W11: =MAX(0, 0 + ($V$6 - V11 - ($V$7/2))) -> 5.5451713 | X11: 85.64527 | Y11: =MAX(0, 0 + ($X$6 - X11 - ($X$7/2))) -> 0 | Z11: 81.25471 | AA11: =MAX(0, 0 + ($Z$6 - Z11 - ($Z$7/2))) -> 3.6101689 | AB11: 87.07795 | AC11: =MAX(0, 0 + ($AB$6 - AB11 - ($AB$7/2))) -> 1.9199841 | AD11: 92.70889 | AE11: =MAX(0, 0 + ($AD$6 - AD11 - ($AD$7/2))) -> 0 | AF11: 83.33264 | AG11: =MAX(0, 0 + ($AF$6 - AF11 - ($AF$7/2))) -> 4.7844661 | AH11: 87.07333 | AI11: =MAX(0, 0 + ($AH$6 - AH11 - ($AH$7/2))) -> 0 | AJ11: 98.76579 | AK11: =MAX(0, 0 + ($AJ$6 - AJ11 - ($AJ$7/2))) -> 0 | AL11: 89.08086 | AM11: =MAX(0, 0 + ($AL$6 - AL11 - ($AL$7/2))) -> 0
A12: 45840 | B12: 90.32925 | C12: =MAX(0,C11 + ($B$6 - B11 - ($B$7/2))) -> 0 | D12: 86.63516 | E12: =MAX(0,E11 + ($D$6 - D11 - ($D$7/2))) -> 37.663761 | F12: 85.05435 | G12: =MAX(0,G11 + ($F$6 - F12 - ($F$7/2))) -> 1.8052043 | H12: 86.8649 | I12: =MAX(0, I11 + ($H$6 - H12 - ($H$7/2))) -> 6.5979289 | J12: 84.58717 | K12: =MAX(0,K11 + ($J$6 - J12 - ($J$7/2))) -> 0.31185625 | L12: 86.97737 | M12: =MAX(0,M11 + ($L$6 - L12 - ($L$7/2))) -> 8.1894345 | N12: 72.37889 | O12: =MAX(0,O11 + ($N$6 - N12 - ($N$7/2))) -> 20.523284 | P12: 84.72274 | Q12: =MAX(0,Q11 + ($P$6 - P12 - ($P$7/2))) -> 0 | R12: 92.36299 | S12: =MAX(0,S11 + ($R$6 - R12 - ($R$7/2))) -> 0 | T12: 88.94595 | U12: =MAX(0,U11 + ($T$6 - T12 - ($T$7/2))) -> 6.8835679 | V12: 89.18548 | W12: =MAX(0,W11 + ($V$6 - V12 - ($V$7/2))) -> 3.9911225 | X12: 80.16002 | Y12: =MAX(0,Y11 + ($X$6 - X12 - ($X$7/2))) -> 5.3165092 | Z12: 86.86767 | AA12: =MAX(0,AA11 + ($Z$6 - Z12 - ($Z$7/2))) -> 1.6073778 | AB12: 81.30538 | AC12: =MAX(0,AC11 + ($AB$6 - AB12 - ($AB$7/2))) -> 9.6125382 | AD12: 87.10638 | AE12: =MAX(0,AE11 + ($AD$6 - AD12 - ($AD$7/2))) -> 3.7690813 | AF12: 94.1322 | AG12: =MAX(0,AG11 + ($AF$6 - AF12 - ($AF$7/2))) -> 0 | AH12: 75.36736 | AI12: =MAX(0,AI11 + ($AH$6 - AH12 - ($AH$7/2))) -> 6.5636851 | AJ12: 87.73317 | AK12: =MAX(0,AK11 + ($AJ$6 - AJ12 - ($AJ$7/2))) -> 0 | AL12: 84.11698 | AM12: =MAX(0,AM11 + ($AL$6 - AL12 - ($AL$7/2))) -> 3.0360213
A13: 45841 | B13: 92.96089 | C13: =MAX(0,C12 + ($B$6 - B11 - ($B$7/2))) -> 0 | D13: 90.46471 | E13: =MAX(0,E12 + ($D$6 - D12 - ($D$7/2))) -> 35.856542 | F13: 85.78686 | G13: =MAX(0,G12 + ($F$6 - F13 - ($F$7/2))) -> 2.8778986 | H13: 93.25382 | I13: =MAX(0, I12 + ($H$6 - H13 - ($H$7/2))) -> 1.9042134 | J13: 88.90811 | K13: =MAX(0,K12 + ($J$6 - J13 - ($J$7/2))) -> 0 | L13: 90.78638 | M13: =MAX(0,M12 + ($L$6 - L13 - ($L$7/2))) -> 4.5535318 | N13: 78.44689 | O13: =MAX(0,O12 + ($N$6 - N13 - ($N$7/2))) -> 25.587512 | P13: 82.61629 | Q13: =MAX(0,Q12 + ($P$6 - P13 - ($P$7/2))) -> 1.7911298 | R13: 91.9993 | S13: =MAX(0,S12 + ($R$6 - R13 - ($R$7/2))) -> 0 | T13: 92.92709 | U13: =MAX(0,U12 + ($T$6 - T13 - ($T$7/2))) -> 1.4592469 | V13: 86.87669 | W13: =MAX(0,W12 + ($V$6 - V13 - ($V$7/2))) -> 4.7458638 | X13: 84.99336 | Y13: =MAX(0,Y12 + ($X$6 - X13 - ($X$7/2))) -> 5.7996784 | Z13: 89.07355 | AA13: =MAX(0,AA12 + ($Z$6 - Z13 - ($Z$7/2))) -> 0 | AB13: 82.54299 | AC13: =MAX(0,AC12 + ($AB$6 - AB13 - ($AB$7/2))) -> 16.067482 | AD13: 90.64593 | AE13: =MAX(0,AE12 + ($AD$6 - AD13 - ($AD$7/2))) -> 3.9986126 | AF13: 91.82838 | AG13: =MAX(0,AG12 + ($AF$6 - AF13 - ($AF$7/2))) -> 0 | AH13: 81.93827 | AI13: =MAX(0,AI12 + ($AH$6 - AH13 - ($AH$7/2))) -> 6.5564602 | AJ13: 88.12055 | AK13: =MAX(0,AK12 + ($AJ$6 - AJ13 - ($AJ$7/2))) -> 0 | AL13: 81.57585 | AM13: =MAX(0,AM12 + ($AL$6 - AL13 - ($AL$7/2))) -> 8.6131727
A14: 45842 | B14: 90.9336 | C14: =MAX(0,C13 + ($B$6 - B13 - ($B$7/2))) -> 0 | D14: 88.7712 | E14: =MAX(0,E13 + ($D$6 - D13 - ($D$7/2))) -> 30.219773 | F14: 84.90009 | G14: =MAX(0,G13 + ($F$6 - F14 - ($F$7/2))) -> 4.8373629 | H14: 91.79686 | I14: =MAX(0, I13 + ($H$6 - H14 - ($H$7/2))) -> 0 | J14: 87.08965 | K14: =MAX(0,K13 + ($J$6 - J14 - ($J$7/2))) -> 0 | L14: 87.47605 | M14: =MAX(0,M13 + ($L$6 - L14 - ($L$7/2))) -> 4.2279591 | N14: 84.4183 | O14: =MAX(0,O13 + ($N$6 - N14 - ($N$7/2))) -> 24.680329 | P14: 83.69406 | Q14: =MAX(0,Q13 + ($P$6 - P14 - ($P$7/2))) -> 2.5044895 | R14: 87.06963 | S14: =MAX(0,S13 + ($R$6 - R14 - ($R$7/2))) -> 0 | T14: 93.05548 | U14: =MAX(0,U13 + ($T$6 - T14 - ($T$7/2))) -> 0 | V14: 83.28236 | W14: =MAX(0,W13 + ($V$6 - V14 - ($V$7/2))) -> 9.0949351 | X14: 90.20184 | Y14: =MAX(0,Y13 + ($X$6 - X14 - ($X$7/2))) -> 1.0743676 | Z14: 88.94787 | AA14: =MAX(0,AA13 + ($Z$6 - Z14 - ($Z$7/2))) -> 0 | AB14: 83.2182 | AC14: =MAX(0,AC13 + ($AB$6 - AB14 - ($AB$7/2))) -> 21.847216 | AD14: 94.17789 | AE14: =MAX(0,AE13 + ($AD$6 - AD14 - ($AD$7/2))) -> 0.69618387 | AF14: 95.83964 | AG14: =MAX(0,AG13 + ($AF$6 - AF14 - ($AF$7/2))) -> 0 | AH14: 76.22184 | AI14: =MAX(0,AI13 + ($AH$6 - AH14 - ($AH$7/2))) -> 12.265665 | AJ14: 87.01128 | AK14: =MAX(0,AK13 + ($AJ$6 - AJ14 - ($AJ$7/2))) -> 0 | AL14: 79.10413 | AM14: =MAX(0,AM13 + ($AL$6 - AL14 - ($AL$7/2))) -> 16.662044
A15: 45843 | B15: 83.99752 | C15: =MAX(0,C14 + ($B$6 - B13 - ($B$7/2))) -> 0 | D15: 83.25107 | E15: =MAX(0,E14 + ($D$6 - D14 - ($D$7/2))) -> 26.276513 | F15: 81.12482 | G15: =MAX(0,G14 + ($F$6 - F15 - ($F$7/2))) -> 10.572097 | H15: 89.31287 | I15: =MAX(0, I14 + ($H$6 - H15 - ($H$7/2))) -> 0 | J15: 81.18354 | K15: =MAX(0,K14 + ($J$6 - J15 - ($J$7/2))) -> 3.7154863 | L15: 86.2941 | M15: =MAX(0,M14 + ($L$6 - L15 - ($L$7/2))) -> 5.0843364 | N15: 84.37192 | O15: =MAX(0,O14 + ($N$6 - N15 - ($N$7/2))) -> 23.819526 | P15: 84.18777 | Q15: =MAX(0,Q14 + ($P$6 - P15 - ($P$7/2))) -> 2.7241393 | R15: 84.32874 | S15: =MAX(0,S14 + ($R$6 - R15 - ($R$7/2))) -> 0.45119484 | T15: 90.87864 | U15: =MAX(0,U14 + ($T$6 - T15 - ($T$7/2))) -> 0 | V15: 84.51007 | W15: =MAX(0,W14 + ($V$6 - V15 - ($V$7/2))) -> 12.216296 | X15: 89.66314 | Y15: =MAX(0,Y14 + ($X$6 - X15 - ($X$7/2))) -> 0 | Z15: 89.58972 | AA15: =MAX(0,AA14 + ($Z$6 - Z15 - ($Z$7/2))) -> 0 | AB15: 81.21594 | AC15: =MAX(0,AC14 + ($AB$6 - AB15 - ($AB$7/2))) -> 29.62921 | AD15: 90.61737 | AE15: =MAX(0,AE14 + ($AD$6 - AD15 - ($AD$7/2))) -> 0.95427517 | AF15: 95.47744 | AG15: =MAX(0,AG14 + ($AF$6 - AF15 - ($AF$7/2))) -> 0 | AH15: 75.44617 | AI15: =MAX(0,AI14 + ($AH$6 - AH15 - ($AH$7/2))) -> 18.75054 | AJ15: 85.16544 | AK15: =MAX(0,AK14 + ($AJ$6 - AJ15 - ($AJ$7/2))) -> 0.28410862 | AL15: 83.96091 | AM15: =MAX(0,AM14 + ($AL$6 - AL15 - ($AL$7/2))) -> 19.854135
A16: 45844 | B16: 84.04358 | C16: =MAX(0,C15 + ($B$6 - B15 - ($B$7/2))) -> 0.25415442 | D16: 88.40825 | E16: =MAX(0,E15 + ($D$6 - D15 - ($D$7/2))) -> 27.853384 | F16: 85.51084 | G16: =MAX(0,G15 + ($F$6 - F16 - ($F$7/2))) -> 11.920811 | H16: 91.53539 | I16: =MAX(0, I15 + ($H$6 - H16 - ($H$7/2))) -> 0 | J16: 81.69877 | K16: =MAX(0,K15 + ($J$6 - J16 - ($J$7/2))) -> 6.9157425 | L16: 88.16103 | M16: =MAX(0,M15 + ($L$6 - L16 - ($L$7/2))) -> 4.0737836 | N16: 78.52036 | O16: =MAX(0,O15 + ($N$6 - N16 - ($N$7/2))) -> 28.810283 | P16: 87.15484 | Q16: =MAX(0,Q15 + ($P$6 - P16 - ($P$7/2))) -> 0 | R16: 85.91322 | S16: =MAX(0,S15 + ($R$6 - R16 - ($R$7/2))) -> 0 | T16: 86.97635 | U16: =MAX(0,U15 + ($T$6 - T16 - ($T$7/2))) -> 0.52641897 | V16: 82.41612 | W16: =MAX(0,W15 + ($V$6 - V16 - ($V$7/2))) -> 17.431608 | X16: 84.39436 | Y16: =MAX(0,Y15 + ($X$6 - X16 - ($X$7/2))) -> 1.0821692 | Z16: 78.92613 | AA16: =MAX(0,AA15 + ($Z$6 - Z16 - ($Z$7/2))) -> 5.9387489 | AB16: 85.11707 | AC16: =MAX(0,AC15 + ($AB$6 - AB16 - ($AB$7/2))) -> 33.510075 | AD16: 89.01132 | AE16: =MAX(0,AE15 + ($AD$6 - AD16 - ($AD$7/2))) -> 2.8184165 | AF16: 97.60932 | AG16: =MAX(0,AG15 + ($AF$6 - AF16 - ($AF$7/2))) -> 0 | AH16: 78.70689 | AI16: =MAX(0,AI15 + ($AH$6 - AH16 - ($AH$7/2))) -> 21.974695 | AJ16: 83.29378 | AK16: =MAX(0,AK15 + ($AJ$6 - AJ16 - ($AJ$7/2))) -> 2.4398772 | AL16: 82.17153 | AM16: =MAX(0,AM15 + ($AL$6 - AL16 - ($AL$7/2))) -> 24.835607
A17: 45845 | B17: 75.06732 | C17: =MAX(0,C16 + ($B$6 - B15 - ($B$7/2))) -> 0.50830885 | D17: 79.84696 | E17: =MAX(0,E16 + ($D$6 - D16 - ($D$7/2))) -> 24.273075 | F17: 82.84716 | G17: =MAX(0,G16 + ($F$6 - F17 - ($F$7/2))) -> 15.933206 | H17: 86.85257 | I17: =MAX(0, I16 + ($H$6 - H17 - ($H$7/2))) -> 1.7075345 | J17: 78.56069 | K17: =MAX(0,K16 + ($J$6 - J17 - ($J$7/2))) -> 13.254079 | L17: 85.38192 | M17: =MAX(0,M16 + ($L$6 - L17 - ($L$7/2))) -> 5.8423409 | N17: 75.90623 | O17: =MAX(0,O16 + ($N$6 - N17 - ($N$7/2))) -> 36.415171 | P17: 83.98806 | Q17: =MAX(0,Q16 + ($P$6 - P17 - ($P$7/2))) -> 0.41935976 | R17: 78.7376 | S17: =MAX(0,S16 + ($R$6 - R17 - ($R$7/2))) -> 6.0423348 | T17: 78.68583 | U17: =MAX(0,U16 + ($T$6 - T17 - ($T$7/2))) -> 9.3433579 | V17: 82.65049 | W17: =MAX(0,W16 + ($V$6 - V17 - ($V$7/2))) -> 22.412549 | X17: 78.90719 | Y17: =MAX(0,Y16 + ($X$6 - X17 - ($X$7/2))) -> 7.6515084 | Z17: 82.79176 | AA17: =MAX(0,AA16 + ($Z$6 - Z17 - ($Z$7/2))) -> 8.0118678 | AB17: 85.18183 | AC17: =MAX(0,AC16 + ($AB$6 - AB17 - ($AB$7/2))) -> 37.326179 | AD17: 88.20794 | AE17: =MAX(0,AE16 + ($AD$6 - AD17 - ($AD$7/2))) -> 5.4859377 | AF17: 97.42785 | AG17: =MAX(0,AG16 + ($AF$6 - AF17 - ($AF$7/2))) -> 0 | AH17: 80.08474 | AI17: =MAX(0,AI16 + ($AH$6 - AH17 - ($AH$7/2))) -> 23.821001 | AJ17: 83.14479 | AK17: =MAX(0,AK16 + ($AJ$6 - AJ17 - ($AJ$7/2))) -> 4.7446359 | AL17: 81.23632 | AM17: =MAX(0,AM16 + ($AL$6 - AL17 - ($AL$7/2))) -> 30.752288
A18: 45846 | B18: 87.04284 | C18: =MAX(0,C17 + ($B$6 - B17 - ($B$7/2))) -> 9.6926633 | D18: 100.56714 | E18: =MAX(0,E17 + ($D$6 - D17 - ($D$7/2))) -> 29.254055 | F18: 90.34795 | G18: =MAX(0,G17 + ($F$6 - F18 - ($F$7/2))) -> 12.44481 | H18: 100.21903 | I18: =MAX(0, I17 + ($H$6 - H18 - ($H$7/2))) -> 0 | J18: 87.56955 | K18: =MAX(0,K17 + ($J$6 - J18 - ($J$7/2))) -> 10.583555 | L18: 89.71938 | M18: =MAX(0,M17 + ($L$6 - L18 - ($L$7/2))) -> 3.2734382 | N18: 84.26703 | O18: =MAX(0,O17 + ($N$6 - N18 - ($N$7/2))) -> 35.659258 | P18: 87.19313 | Q18: =MAX(0,Q17 + ($P$6 - P18 - ($P$7/2))) -> 0 | R18: 75.71746 | S18: =MAX(0,S17 + ($R$6 - R18 - ($R$7/2))) -> 15.10481 | T18: 81.525 | U18: =MAX(0,U17 + ($T$6 - T18 - ($T$7/2))) -> 15.321127 | V18: 84.01318 | W18: =MAX(0,W17 + ($V$6 - V18 - ($V$7/2))) -> 26.0308 | X18: 86.42223 | Y18: =MAX(0,Y17 + ($X$6 - X18 - ($X$7/2))) -> 6.7058076 | Z18: 85.24881 | AA18: =MAX(0,AA17 + ($Z$6 - Z18 - ($Z$7/2))) -> 7.6279367 | AB18: 89.97997 | AC18: =MAX(0,AC17 + ($AB$6 - AB18 - ($AB$7/2))) -> 36.344143 | AD18: 90.62484 | AE18: =MAX(0,AE17 + ($AD$6 - AD18 - ($AD$7/2))) -> 5.736559 | AF18: 92.57693 | AG18: =MAX(0,AG17 + ($AF$6 - AF18 - ($AF$7/2))) -> 0 | AH18: 78.89465 | AI18: =MAX(0,AI17 + ($AH$6 - AH18 - ($AH$7/2))) -> 26.857396 | AJ18: 88.7004 | AK18: =MAX(0,AK17 + ($AJ$6 - AJ18 - ($AJ$7/2))) -> 1.4937845 | AL18: 87.74986 | AM18: =MAX(0,AM17 + ($AL$6 - AL18 - ($AL$7/2))) -> 30.155429
A19: 45847 | B19: 84.01829 | C19: =MAX(0,C18 + ($B$6 - B17 - ($B$7/2))) -> 18.877018 | D19: 93.89588 | E19: =MAX(0,E18 + ($D$6 - D18 - ($D$7/2))) -> 13.514856 | F19: 85.89543 | G19: =MAX(0,G18 + ($F$6 - F19 - ($F$7/2))) -> 13.408934 | H19: 93.70112 | I19: =MAX(0, I18 + ($H$6 - H19 - ($H$7/2))) -> 0 | J19: 90.53076 | K19: =MAX(0,K18 + ($J$6 - J19 - ($J$7/2))) -> 4.9518213 | L19: 91.05586 | M19: =MAX(0,M18 + ($L$6 - L19 - ($L$7/2))) -> 0 | N19: 89.79766 | O19: =MAX(0,O18 + ($N$6 - N19 - ($N$7/2))) -> 29.372715 | P19: 87.42324 | Q19: =MAX(0,Q18 + ($P$6 - P19 - ($P$7/2))) -> 0 | R19: 84.3578 | S19: =MAX(0,S18 + ($R$6 - R19 - ($R$7/2))) -> 15.526945 | T19: 80.74182 | U19: =MAX(0,U18 + ($T$6 - T19 - ($T$7/2))) -> 22.082076 | V19: 82.17456 | W19: =MAX(0,W18 + ($V$6 - V19 - ($V$7/2))) -> 31.487671 | X19: 90.15134 | Y19: =MAX(0,Y18 + ($X$6 - X19 - ($X$7/2))) -> 2.0309968 | Z19: 83.46364 | AA19: =MAX(0,AA18 + ($Z$6 - Z19 - ($Z$7/2))) -> 9.0291756 | AB19: 95.78473 | AC19: =MAX(0,AC18 + ($AB$6 - AB19 - ($AB$7/2))) -> 29.557347 | AD19: 92.57906 | AE19: =MAX(0,AE18 + ($AD$6 - AD19 - ($AD$7/2))) -> 4.0329603 | AF19: 92.8526 | AG19: =MAX(0,AG18 + ($AF$6 - AF19 - ($AF$7/2))) -> 0 | AH19: 83.95288 | AI19: =MAX(0,AI18 + ($AH$6 - AH19 - ($AH$7/2))) -> 24.835561 | AJ19: 87.52736 | AK19: =MAX(0,AK18 + ($AJ$6 - AJ19 - ($AJ$7/2))) -> 0 | AL19: 87.4536 | AM19: =MAX(0,AM18 + ($AL$6 - AL19 - ($AL$7/2))) -> 29.854831
A20: 45848 | B20: 87.05875 | C20: =MAX(0,C19 + ($B$6 - B19 - ($B$7/2))) -> 19.110402 | D20: 97.66975 | E20: =MAX(0,E19 + ($D$6 - D19 - ($D$7/2))) -> 4.4469165 | F20: 88.02332 | G20: =MAX(0,G19 + ($F$6 - F20 - ($F$7/2))) -> 12.245169 | H20: 96.16789 | I20: =MAX(0, I19 + ($H$6 - H20 - ($H$7/2))) -> 0 | J20: 91.90095 | K20: =MAX(0,K19 + ($J$6 - J20 - ($J$7/2))) -> 0 | L20: 90.28062 | M20: =MAX(0,M19 + ($L$6 - L20 - ($L$7/2))) -> 0 | N20: 89.56905 | O20: =MAX(0,O19 + ($N$6 - N20 - ($N$7/2))) -> 23.314782 | P20: 87.09276 | Q20: =MAX(0,Q19 + ($P$6 - P20 - ($P$7/2))) -> 0 | R20: 86.99659 | S20: =MAX(0,S19 + ($R$6 - R20 - ($R$7/2))) -> 13.310289 | T20: 79.57738 | U20: =MAX(0,U19 + ($T$6 - T20 - ($T$7/2))) -> 30.007465 | V20: 83.6149 | W20: =MAX(0,W19 + ($V$6 - V20 - ($V$7/2))) -> 35.504203 | X20: 85.3782 | Y20: =MAX(0,Y19 + ($X$6 - X20 - ($X$7/2))) -> 2.129326 | Z20: 80.39344 | AA20: =MAX(0,AA19 + ($Z$6 - Z20 - ($Z$7/2))) -> 13.500614 | AB20: 93.15245 | AC20: =MAX(0,AC19 + ($AB$6 - AB20 - ($AB$7/2))) -> 25.402831 | AD20: 88.04743 | AE20: =MAX(0,AE19 + ($AD$6 - AD20 - ($AD$7/2))) -> 6.8609916 | AF20: 93.27795 | AG20: =MAX(0,AG19 + ($AF$6 - AF20 - ($AF$7/2))) -> 0 | AH20: 83.79832 | AI20: =MAX(0,AI19 + ($AH$6 - AH20 - ($AH$7/2))) -> 22.968286 | AJ20: 86.15293 | AK20: =MAX(0,AK19 + ($AJ$6 - AJ20 - ($AJ$7/2))) -> 0 | AL20: 86.44475 | AM20: =MAX(0,AM19 + ($AL$6 - AL20 - ($AL$7/2))) -> 30.563082
A21: 45849 | B21: 84.04807 | C21: =MAX(0,C20 + ($B$6 - B19 - ($B$7/2))) -> 19.343787 | D21: 90.29105 | E21: =MAX(0,E20 + ($D$6 - D20 - ($D$7/2))) -> 0 | F21: 85.93986 | G21: =MAX(0,G20 + ($F$6 - F21 - ($F$7/2))) -> 13.164863 | H21: 96.01547 | I21: =MAX(0, I20 + ($H$6 - H21 - ($H$7/2))) -> 0 | J21: 86.03346 | K21: =MAX(0,K20 + ($J$6 - J21 - ($J$7/2))) -> 0 | L21: 90.00639 | M21: =MAX(0,M20 + ($L$6 - L21 - ($L$7/2))) -> 0 | N21: 83.71346 | O21: =MAX(0,O20 + ($N$6 - N21 - ($N$7/2))) -> 23.11244 | P21: 87.4195 | Q21: =MAX(0,Q20 + ($P$6 - P21 - ($P$7/2))) -> 0 | R21: 80.2578 | S21: =MAX(0,S20 + ($R$6 - R21 - ($R$7/2))) -> 17.832424 | T21: 84.19546 | U21: =MAX(0,U20 + ($T$6 - T21 - ($T$7/2))) -> 33.314774 | V21: 87.1787 | W21: =MAX(0,W20 + ($V$6 - V21 - ($V$7/2))) -> 35.956934 | X21: 87.47093 | Y21: =MAX(0,Y20 + ($X$6 - X21 - ($X$7/2))) -> 0.13492515 | Z21: 83.77858 | AA21: =MAX(0,AA20 + ($Z$6 - Z21 - ($Z$7/2))) -> 14.586913 | AB21: 91.77614 | AC21: =MAX(0,AC20 + ($AB$6 - AB21 - ($AB$7/2))) -> 22.624625 | AD21: 92.29475 | AE21: =MAX(0,AE20 + ($AD$6 - AD21 - ($AD$7/2))) -> 5.4417029 | AF21: 95.78661 | AG21: =MAX(0,AG20 + ($AF$6 - AF21 - ($AF$7/2))) -> 0 | AH21: 85.69499 | AI21: =MAX(0,AI20 + ($AH$6 - AH21 - ($AH$7/2))) -> 19.204341 | AJ21: 84.609 | AK21: =MAX(0,AK20 + ($AJ$6 - AJ21 - ($AJ$7/2))) -> 0.84054862 | AL21: 88.5777 | AM21: =MAX(0,AM20 + ($AL$6 - AL21 - ($AL$7/2))) -> 29.138383
A22: 45850 | B22: 88.04445 | C22: =MAX(0,C21 + ($B$6 - B21 - ($B$7/2))) -> 19.547391 | D22: 94.78863 | E22: =MAX(0,E21 + ($D$6 - D21 - ($D$7/2))) -> 0 | F22: 85.35298 | G22: =MAX(0,G21 + ($F$6 - F22 - ($F$7/2))) -> 14.671437 | H22: 97.08828 | I22: =MAX(0, I21 + ($H$6 - H22 - ($H$7/2))) -> 0 | J22: 88.87612 | K22: =MAX(0,K21 + ($J$6 - J22 - ($J$7/2))) -> 0 | L22: 85.65434 | M22: =MAX(0,M21 + ($L$6 - L22 - ($L$7/2))) -> 1.4961373 | N22: 82.96066 | O22: =MAX(0,O21 + ($N$6 - N22 - ($N$7/2))) -> 23.662897 | P22: 88.76612 | Q22: =MAX(0,Q21 + ($P$6 - P22 - ($P$7/2))) -> 0 | R22: 81.21436 | S22: =MAX(0,S21 + ($R$6 - R22 - ($R$7/2))) -> 21.397999 | T22: 87.60916 | U22: =MAX(0,U21 + ($T$6 - T22 - ($T$7/2))) -> 33.208383 | V22: 84.80383 | W22: =MAX(0,W21 + ($V$6 - V22 - ($V$7/2))) -> 38.784535 | X22: 88.4736 | Y22: =MAX(0,Y21 + ($X$6 - X22 - ($X$7/2))) -> 0 | Z22: 85.87368 | AA22: =MAX(0,AA21 + ($Z$6 - Z22 - ($Z$7/2))) -> 13.578112 | AB22: 93.6152 | AC22: =MAX(0,AC21 + ($AB$6 - AB22 - ($AB$7/2))) -> 18.007359 | AD22: 94.08832 | AE22: =MAX(0,AE21 + ($AD$6 - AD22 - ($AD$7/2))) -> 2.2288442 | AF22: 91.58671 | AG22: =MAX(0,AG21 + ($AF$6 - AF22 - ($AF$7/2))) -> 0 | AH22: 81.17445 | AI22: =MAX(0,AI21 + ($AH$6 - AH22 - ($AH$7/2))) -> 19.960936 | AJ22: 86.55139 | AK22: =MAX(0,AK21 + ($AJ$6 - AJ22 - ($AJ$7/2))) -> 0 | AL22: 93.17148 | AM22: =MAX(0,AM21 + ($AL$6 - AL22 - ($AL$7/2))) -> 23.119905
A23: 45851 | B23: 86.02696 | C23: =MAX(0,C22 + ($B$6 - B21 - ($B$7/2))) -> 19.750995 | D23: 86.9944 | E23: =MAX(0,E22 + ($D$6 - D22 - ($D$7/2))) -> 0 | F23: 79.92088 | G23: =MAX(0,G22 + ($F$6 - F23 - ($F$7/2))) -> 21.610111 | H23: 94.77869 | I23: =MAX(0, I22 + ($H$6 - H23 - ($H$7/2))) -> 0 | J23: 90.07765 | K23: =MAX(0,K22 + ($J$6 - J23 - ($J$7/2))) -> 0 | L23: 79.29033 | M23: =MAX(0,M22 + ($L$6 - L23 - ($L$7/2))) -> 9.3562845 | N23: 86.73346 | O23: =MAX(0,O22 + ($N$6 - N23 - ($N$7/2))) -> 20.440554 | P23: 90.09714 | Q23: =MAX(0,Q22 + ($P$6 - P23 - ($P$7/2))) -> 0 | R23: 85.69605 | S23: =MAX(0,S22 + ($R$6 - R23 - ($R$7/2))) -> 20.481884 | T23: 89.79616 | U23: =MAX(0,U22 + ($T$6 - T23 - ($T$7/2))) -> 30.914992 | V23: 85.73794 | W23: =MAX(0,W22 + ($V$6 - V23 - ($V$7/2))) -> 40.678026 | X23: 90.53855 | Y23: =MAX(0,Y22 + ($X$6 - X23 - ($X$7/2))) -> 0 | Z23: 85.54268 | AA23: =MAX(0,AA22 + ($Z$6 - Z23 - ($Z$7/2))) -> 12.900311 | AB23: 86.96605 | AC23: =MAX(0,AC22 + ($AB$6 - AB23 - ($AB$7/2))) -> 20.039243 | AD23: 92.05159 | AE23: =MAX(0,AE22 + ($AD$6 - AD23 - ($AD$7/2))) -> 1.0527155 | AF23: 84.78688 | AG23: =MAX(0,AG22 + ($AF$6 - AF23 - ($AF$7/2))) -> 3.3302261 | AH23: 85.95159 | AI23: =MAX(0,AI22 + ($AH$6 - AH23 - ($AH$7/2))) -> 15.940391 | AJ23: 86.83962 | AK23: =MAX(0,AK22 + ($AJ$6 - AJ23 - ($AJ$7/2))) -> 0 | AL23: 90.7938 | AM23: =MAX(0,AM22 + ($AL$6 - AL23 - ($AL$7/2))) -> 19.479106
A24: 45852 | B24: 89.93161 | C24: =MAX(0,C23 + ($B$6 - B23 - ($B$7/2))) -> 17.97571 | D24: 91.60183 | E24: =MAX(0,E23 + ($D$6 - D23 - ($D$7/2))) -> 0 | F24: 78.10092 | G24: =MAX(0,G23 + ($F$6 - F24 - ($F$7/2))) -> 30.368746 | H24: 97.1155 | I24: =MAX(0, I23 + ($H$6 - H24 - ($H$7/2))) -> 0 | J24: 92.1455 | K24: =MAX(0,K23 + ($J$6 - J24 - ($J$7/2))) -> 0 | L24: 84.56002 | M24: =MAX(0,M23 + ($L$6 - L24 - ($L$7/2))) -> 11.946742 | N24: 90.54275 | O24: =MAX(0,O23 + ($N$6 - N24 - ($N$7/2))) -> 13.408921 | P24: 92.88507 | Q24: =MAX(0,Q23 + ($P$6 - P24 - ($P$7/2))) -> 0 | R24: 86.17553 | S24: =MAX(0,S23 + ($R$6 - R24 - ($R$7/2))) -> 19.086289 | T24: 92.72642 | U24: =MAX(0,U23 + ($T$6 - T24 - ($T$7/2))) -> 25.691341 | V24: 87.42508 | W24: =MAX(0,W23 + ($V$6 - V24 - ($V$7/2))) -> 40.884378 | X24: 87.6103 | Y24: =MAX(0,Y23 + ($X$6 - X24 - ($X$7/2))) -> 0 | Z24: 86.51138 | AA24: =MAX(0,AA23 + ($Z$6 - Z24 - ($Z$7/2))) -> 11.25381 | AB24: 92.47496 | AC24: =MAX(0,AC23 + ($AB$6 - AB24 - ($AB$7/2))) -> 16.562217 | AD24: 96.99838 | AE24: =MAX(0,AE23 + ($AD$6 - AD24 - ($AD$7/2))) -> 0 | AF24: 87.37868 | AG24: =MAX(0,AG23 + ($AF$6 - AF24 - ($AF$7/2))) -> 4.0686521 | AH24: 79.29183 | AI24: =MAX(0,AI23 + ($AH$6 - AH24 - ($AH$7/2))) -> 18.579606 | AJ24: 89.75724 | AK24: =MAX(0,AK23 + ($AJ$6 - AJ24 - ($AJ$7/2))) -> 0 | AL24: 92.67455 | AM24: =MAX(0,AM23 + ($AL$6 - AL24 - ($AL$7/2))) -> 13.957558
A25: 45853 | B25: 90.90741 | C25: =MAX(0,C24 + ($B$6 - B23 - ($B$7/2))) -> 16.200424 | D25: 89.49545 | E25: =MAX(0,E24 + ($D$6 - D24 - ($D$7/2))) -> 0 | F25: 82.24626 | G25: =MAX(0,G24 + ($F$6 - F25 - ($F$7/2))) -> 34.98204 | H25: 95.74591 | I25: =MAX(0, I24 + ($H$6 - H25 - ($H$7/2))) -> 0 | J25: 87.07975 | K25: =MAX(0,K24 + ($J$6 - J25 - ($J$7/2))) -> 0 | L25: 89.54789 | M25: =MAX(0,M24 + ($L$6 - L25 - ($L$7/2))) -> 9.5493291 | N25: 88.51044 | O25: =MAX(0,O24 + ($N$6 - N25 - ($N$7/2))) -> 8.4095985 | P25: 94.7857 | Q25: =MAX(0,Q24 + ($P$6 - P25 - ($P$7/2))) -> 0 | R25: 87.98244 | S25: =MAX(0,S24 + ($R$6 - R25 - ($R$7/2))) -> 15.883784 | T25: 91.82907 | U25: =MAX(0,U24 + ($T$6 - T25 - ($T$7/2))) -> 21.36504 | V25: 85.59484 | W25: =MAX(0,W24 + ($V$6 - V25 - ($V$7/2))) -> 42.920969 | X25: 88.05415 | Y25: =MAX(0,Y24 + ($X$6 - X25 - ($X$7/2))) -> 0 | Z25: 88.46052 | AA25: =MAX(0,AA24 + ($Z$6 - Z25 - ($Z$7/2))) -> 7.658169 | AB25: 91.39116 | AC25: =MAX(0,AC24 + ($AB$6 - AB25 - ($AB$7/2))) -> 14.168991 | AD25: 93.12809 | AE25: =MAX(0,AE24 + ($AD$6 - AD25 - ($AD$7/2))) -> 0 | AF25: 88.56951 | AG25: =MAX(0,AG24 + ($AF$6 - AF25 - ($AF$7/2))) -> 3.6162482 | AH25: 82.27107 | AI25: =MAX(0,AI24 + ($AH$6 - AH25 - ($AH$7/2))) -> 18.239581 | AJ25: 88.70436 | AK25: =MAX(0,AK24 + ($AJ$6 - AJ25 - ($AJ$7/2))) -> 0 | AL25: 89.06904 | AM25: =MAX(0,AM24 + ($AL$6 - AL25 - ($AL$7/2))) -> 12.041519
A26: 45854 | B26: 90.948 | C26: =MAX(0,C25 + ($B$6 - B25 - ($B$7/2))) -> 9.5446887 | D26: 90.46083 | E26: =MAX(0,E25 + ($D$6 - D25 - ($D$7/2))) -> 0 | F26: 80.34166 | G26: =MAX(0,G25 + ($F$6 - F26 - ($F$7/2))) -> 41.499934 | H26: 94.31215 | I26: =MAX(0, I25 + ($H$6 - H26 - ($H$7/2))) -> 0 | J26: 84.4068 | K26: =MAX(0,K25 + ($J$6 - J26 - ($J$7/2))) -> 0.49222625 | L26: 92.1825 | M26: =MAX(0,M25 + ($L$6 - L26 - ($L$7/2))) -> 4.5173064 | N26: 88.39117 | O26: =MAX(0,O25 + ($N$6 - N26 - ($N$7/2))) -> 3.5295457 | P26: 89.64477 | Q26: =MAX(0,Q25 + ($P$6 - P26 - ($P$7/2))) -> 0 | R26: 88.42759 | S26: =MAX(0,S25 + ($R$6 - R26 - ($R$7/2))) -> 12.236128 | T26: 94.47629 | U26: =MAX(0,U25 + ($T$6 - T26 - ($T$7/2))) -> 14.391519 | V26: 85.19205 | W26: =MAX(0,W25 + ($V$6 - V26 - ($V$7/2))) -> 45.36035 | X26: 92.45825 | Y26: =MAX(0,Y25 + ($X$6 - X26 - ($X$7/2))) -> 0 | Z26: 91.66333 | AA26: =MAX(0,AA25 + ($Z$6 - Z26 - ($Z$7/2))) -> 0.85971786 | AB26: 95.49545 | AC26: =MAX(0,AC25 + ($AB$6 - AB26 - ($AB$7/2))) -> 7.6714755 | AD26: 84.90127 | AE26: =MAX(0,AE25 + ($AD$6 - AD26 - ($AD$7/2))) -> 5.9741913 | AF26: 92.76787 | AG26: =MAX(0,AG25 + ($AF$6 - AF26 - ($AF$7/2))) -> 0 | AH26: 87.52329 | AI26: =MAX(0,AI25 + ($AH$6 - AH26 - ($AH$7/2))) -> 12.647336 | AJ26: 88.80328 | AK26: =MAX(0,AK25 + ($AJ$6 - AJ26 - ($AJ$7/2))) -> 0 | AL26: 90.25381 | AM26: =MAX(0,AM25 + ($AL$6 - AL26 - ($AL$7/2))) -> 8.9407102
A27: 45855 | B27: 88.92923 | C27: =MAX(0,C26 + ($B$6 - B25 - ($B$7/2))) -> 2.8889531 | D27: 86.12384 | E27: =MAX(0,E26 + ($D$6 - D26 - ($D$7/2))) -> 0 | F27: 83.58677 | G27: =MAX(0,G26 + ($F$6 - F27 - ($F$7/2))) -> 44.772719 | H27: 91.41503 | I27: =MAX(0, I26 + ($H$6 - H27 - ($H$7/2))) -> 0 | J27: 82.29816 | K27: =MAX(0,K26 + ($J$6 - J27 - ($J$7/2))) -> 3.0930925 | L27: 91.96506 | M27: =MAX(0,M26 + ($L$6 - L27 - ($L$7/2))) -> 0 | N27: 87.42077 | O27: =MAX(0,O26 + ($N$6 - N27 - ($N$7/2))) -> 0 | P27: 85.40692 | Q27: =MAX(0,Q26 + ($P$6 - P27 - ($P$7/2))) -> 0 | R27: 86.55289 | S27: =MAX(0,S26 + ($R$6 - R27 - ($R$7/2))) -> 10.463173 | T27: 93.81349 | U27: =MAX(0,U26 + ($T$6 - T27 - ($T$7/2))) -> 8.0807976 | V27: 87.9253 | W27: =MAX(0,W26 + ($V$6 - V27 - ($V$7/2))) -> 45.066481 | X27: 92.42777 | Y27: =MAX(0,Y26 + ($X$6 - X27 - ($X$7/2))) -> 0 | Z27: 92.61408 | AA27: =MAX(0,AA26 + ($Z$6 - Z27 - ($Z$7/2))) -> 0 | AB27: 92.62699 | AC27: =MAX(0,AC26 + ($AB$6 - AB27 - ($AB$7/2))) -> 4.0424196 | AD27: 86.57588 | AE27: =MAX(0,AE26 + ($AD$6 - AD27 - ($AD$7/2))) -> 10.273773 | AF27: 93.93852 | AG27: =MAX(0,AG26 + ($AF$6 - AF27 - ($AF$7/2))) -> 0 | AH27: 88.81948 | AI27: =MAX(0,AI26 + ($AH$6 - AH27 - ($AH$7/2))) -> 5.7589014 | AJ27: 87.18166 | AK27: =MAX(0,AK26 + ($AJ$6 - AJ27 - ($AJ$7/2))) -> 0 | AL27: 91.95733 | AM27: =MAX(0,AM26 + ($AL$6 - AL27 - ($AL$7/2))) -> 4.1363816
A28: 45856 | B28: 88.90661 | C28: =MAX(0,C27 + ($B$6 - B26 - ($B$7/2))) -> 0 | D28: 88.62161 | E28: =MAX(0,E27 + ($D$6 - D27 - ($D$7/2))) -> 0 | F28: 82.15602 | G28: =MAX(0,G27 + ($F$6 - F28 - ($F$7/2))) -> 49.476253 | H28: 92.12072 | I28: =MAX(0, I27 + ($H$6 - H28 - ($H$7/2))) -> 0 | J28: 87.5076 | K28: =MAX(0,K27 + ($J$6 - J28 - ($J$7/2))) -> 0.48451876 | L28: 93.85901 | M28: =MAX(0,M27 + ($L$6 - L28 - ($L$7/2))) -> 0 | N28: 88.61239 | O28: =MAX(0,O27 + ($N$6 - N28 - ($N$7/2))) -> 0 | P28: 85.03322 | Q28: =MAX(0,Q27 + ($P$6 - P28 - ($P$7/2))) -> 0 | R28: 89.44139 | S28: =MAX(0,S27 + ($R$6 - R28 - ($R$7/2))) -> 5.801718 | T28: 94.1466 | U28: =MAX(0,U27 + ($T$6 - T28 - ($T$7/2))) -> 1.4369666 | V28: 89.43608 | W28: =MAX(0,W27 + ($V$6 - V28 - ($V$7/2))) -> 43.261833 | X28: 89.98114 | Y28: =MAX(0,Y27 + ($X$6 - X28 - ($X$7/2))) -> 0 | Z28: 90.98595 | AA28: =MAX(0,AA27 + ($Z$6 - Z28 - ($Z$7/2))) -> 0 | AB28: 89.40343 | AC28: =MAX(0,AC27 + ($AB$6 - AB28 - ($AB$7/2))) -> 3.6369237 | AD28: 87.18805 | AE28: =MAX(0,AE27 + ($AD$6 - AD28 - ($AD$7/2))) -> 13.961184 | AF28: 93.9438 | AG28: =MAX(0,AG27 + ($AF$6 - AF28 - ($AF$7/2))) -> 0 | AH28: 90.88552 | AI28: =MAX(0,AI27 + ($AH$6 - AH28 - ($AH$7/2))) -> 0 | AJ28: 85.74048 | AK28: =MAX(0,AK27 + ($AJ$6 - AJ28 - ($AJ$7/2))) -> 0 | AL28: 91.44469 | AM28: =MAX(0,AM27 + ($AL$6 - AL28 - ($AL$7/2))) -> 0
A29: 45857 | B29: 88.88268 | C29: =MAX(0,C28 + ($B$6 - B27 - ($B$7/2))) -> 0 | D29: 90.11328 | E29: =MAX(0,E28 + ($D$6 - D28 - ($D$7/2))) -> 0 | F29: 85.80879 | G29: =MAX(0,G28 + ($F$6 - F29 - ($F$7/2))) -> 50.527017 | H29: 95.23504 | I29: =MAX(0, I28 + ($H$6 - H29 - ($H$7/2))) -> 0 | J29: 87.69771 | K29: =MAX(0,K28 + ($J$6 - J29 - ($J$7/2))) -> 0 | L29: 93.53904 | M29: =MAX(0,M28 + ($L$6 - L29 - ($L$7/2))) -> 0 | N29: 88.52321 | O29: =MAX(0,O28 + ($N$6 - N29 - ($N$7/2))) -> 0 | P29: 86.66792 | Q29: =MAX(0,Q28 + ($P$6 - P29 - ($P$7/2))) -> 0 | R29: 89.1637 | S29: =MAX(0,S28 + ($R$6 - R29 - ($R$7/2))) -> 1.4179529 | T29: 92.5887 | U29: =MAX(0,U28 + ($T$6 - T29 - ($T$7/2))) -> 0 | V29: 89.31311 | W29: =MAX(0,W28 + ($V$6 - V29 - ($V$7/2))) -> 41.580154 | X29: 89.97318 | Y29: =MAX(0,Y28 + ($X$6 - X29 - ($X$7/2))) -> 0 | Z29: 85.23872 | AA29: =MAX(0,AA28 + ($Z$6 - Z29 - ($Z$7/2))) -> 0 | AB29: 86.15696 | AC29: =MAX(0,AC28 + ($AB$6 - AB29 - ($AB$7/2))) -> 6.4778978 | AD29: 91.54236 | AE29: =MAX(0,AE28 + ($AD$6 - AD29 - ($AD$7/2))) -> 13.294285 | AF29: 96.61313 | AG29: =MAX(0,AG28 + ($AF$6 - AF29 - ($AF$7/2))) -> 0 | AH29: 90.62136 | AI29: =MAX(0,AI28 + ($AH$6 - AH29 - ($AH$7/2))) -> 0 | AJ29: 86.26346 | AK29: =MAX(0,AK28 + ($AJ$6 - AJ29 - ($AJ$7/2))) -> 0 | AL29: 95.33201 | AM29: =MAX(0,AM28 + ($AL$6 - AL29 - ($AL$7/2))) -> 0
A30: 45858 | B30: 89.85831 | C30: =MAX(0,C29 + ($B$6 - B28 - ($B$7/2))) -> 0 | D30: 94.24694 | E30: =MAX(0,E29 + ($D$6 - D29 - ($D$7/2))) -> 0 | F30: 86.43807 | G30: =MAX(0,G29 + ($F$6 - F30 - ($F$7/2))) -> 50.948501 | H30: 97.85601 | I30: =MAX(0, I29 + ($H$6 - H30 - ($H$7/2))) -> 0 | J30: 87.92389 | K30: =MAX(0,K29 + ($J$6 - J30 - ($J$7/2))) -> 0 | L30: 91.20371 | M30: =MAX(0,M29 + ($L$6 - L30 - ($L$7/2))) -> 0 | N30: 86.26936 | O30: =MAX(0,O29 + ($N$6 - N30 - ($N$7/2))) -> 0 | P30: 83.47358 | Q30: =MAX(0,Q29 + ($P$6 - P30 - ($P$7/2))) -> 0.93383976 | R30: 89.14836 | S30: =MAX(0,S29 + ($R$6 - R30 - ($R$7/2))) -> 0 | T30: 94.93991 | U30: =MAX(0,U29 + ($T$6 - T30 - ($T$7/2))) -> 0 | V30: 87.40796 | W30: =MAX(0,W29 + ($V$6 - V30 - ($V$7/2))) -> 41.803625 | X30: 89.59478 | Y30: =MAX(0,Y29 + ($X$6 - X30 - ($X$7/2))) -> 0 | Z30: 81.43386 | AA30: =MAX(0,AA29 + ($Z$6 - Z30 - ($Z$7/2))) -> 3.4310189 | AB30: 89.585 | AC30: =MAX(0,AC29 + ($AB$6 - AB30 - ($AB$7/2))) -> 5.8908319 | AD30: 93.54038 | AE30: =MAX(0,AE29 + ($AD$6 - AD30 - ($AD$7/2))) -> 10.629366 | AF30: 92.21743 | AG30: =MAX(0,AG29 + ($AF$6 - AF30 - ($AF$7/2))) -> 0 | AH30: 88.97402 | AI30: =MAX(0,AI29 + ($AH$6 - AH30 - ($AH$7/2))) -> 0 | AJ30: 83.69342 | AK30: =MAX(0,AK29 + ($AJ$6 - AJ30 - ($AJ$7/2))) -> 1.7561286 | AL30: 89.37179 | AM30: =MAX(0,AM29 + ($AL$6 - AL30 - ($AL$7/2))) -> 0
A31: 45859 | B31: 88.81753 | C31: =MAX(0,C30 + ($B$6 - B29 - ($B$7/2))) -> 0 | D31: 90.9747 | E31: =MAX(0,E30 + ($D$6 - D30 - ($D$7/2))) -> 0 | F31: 88.35988 | G31: =MAX(0,G30 + ($F$6 - F31 - ($F$7/2))) -> 49.448176 | H31: 97.77243 | I31: =MAX(0, I30 + ($H$6 - H31 - ($H$7/2))) -> 0 | J31: 85.22039 | K31: =MAX(0,K30 + ($J$6 - J31 - ($J$7/2))) -> 0 | L31: 88.9135 | M31: =MAX(0,M30 + ($L$6 - L31 - ($L$7/2))) -> 0 | N31: 86.58996 | O31: =MAX(0,O30 + ($N$6 - N31 - ($N$7/2))) -> 0 | P31: 85.78624 | Q31: =MAX(0,Q30 + ($P$6 - P31 - ($P$7/2))) -> 0 | R31: 88.09272 | S31: =MAX(0,S30 + ($R$6 - R31 - ($R$7/2))) -> 0 | T31: 93.13527 | U31: =MAX(0,U30 + ($T$6 - T31 - ($T$7/2))) -> 0 | V31: 86.33714 | W31: =MAX(0,W30 + ($V$6 - V31 - ($V$7/2))) -> 43.097917 | X31: 92.5936 | Y31: =MAX(0,Y30 + ($X$6 - X31 - ($X$7/2))) -> 0 | Z31: 81.47152 | AA31: =MAX(0,AA30 + ($Z$6 - Z31 - ($Z$7/2))) -> 6.8243778 | AB31: 91.02292 | AC31: =MAX(0,AC30 + ($AB$6 - AB31 - ($AB$7/2))) -> 3.8658459 | AD31: 92.69435 | AE31: =MAX(0,AE30 + ($AD$6 - AD31 - ($AD$7/2))) -> 8.8104777 | AF31: 88.00946 | AG31: =MAX(0,AG30 + ($AF$6 - AF31 - ($AF$7/2))) -> 0.10764606 | AH31: 90.39402 | AI31: =MAX(0,AI30 + ($AH$6 - AH31 - ($AH$7/2))) -> 0 | AJ31: 81.90466 | AK31: =MAX(0,AK30 + ($AJ$6 - AJ31 - ($AJ$7/2))) -> 5.3010172 | AL31: 96.71676 | AM31: =MAX(0,AM30 + ($AL$6 - AL31 - ($AL$7/2))) -> 0
A32: 45860 | B32: 83.84436 | C32: =MAX(0,C31 + ($B$6 - B30 - ($B$7/2))) -> 0 | D32: 85.89195 | E32: =MAX(0,E31 + ($D$6 - D31 - ($D$7/2))) -> 0 | F32: 84.99747 | G32: =MAX(0,G31 + ($F$6 - F32 - ($F$7/2))) -> 51.31026 | H32: 91.09476 | I32: =MAX(0, I31 + ($H$6 - H32 - ($H$7/2))) -> 0 | J32: 82.94029 | K32: =MAX(0,K31 + ($J$6 - J32 - ($J$7/2))) -> 1.9587363 | L32: 92.58188 | M32: =MAX(0,M31 + ($L$6 - L32 - ($L$7/2))) -> 0 | N32: 86.20403 | O32: =MAX(0,O31 + ($N$6 - N32 - ($N$7/2))) -> 0 | P32: 85.37803 | Q32: =MAX(0,Q31 + ($P$6 - P32 - ($P$7/2))) -> 0 | R32: 86.9073 | S32: =MAX(0,S31 + ($R$6 - R32 - ($R$7/2))) -> 0 | T32: 91.0624 | U32: =MAX(0,U31 + ($T$6 - T32 - ($T$7/2))) -> 0 | V32: 84.14626 | W32: =MAX(0,W31 + ($V$6 - V32 - ($V$7/2))) -> 46.583088 | X32: 91.19793 | Y32: =MAX(0,Y31 + ($X$6 - X32 - ($X$7/2))) -> 0 | Z32: 81.13893 | AA32: =MAX(0,AA31 + ($Z$6 - Z32 - ($Z$7/2))) -> 10.550327 | AB32: 89.31165 | AC32: =MAX(0,AC31 + ($AB$6 - AB32 - ($AB$7/2))) -> 3.55213 | AD32: 89.13021 | AE32: =MAX(0,AE31 + ($AD$6 - AD32 - ($AD$7/2))) -> 10.555729 | AF32: 87.39852 | AG32: =MAX(0,AG31 + ($AF$6 - AF32 - ($AF$7/2))) -> 0.82623212 | AH32: 87.41179 | AI32: =MAX(0,AI31 + ($AH$6 - AH32 - ($AH$7/2))) -> 0 | AJ32: 81.43712 | AK32: =MAX(0,AK31 + ($AJ$6 - AJ32 - ($AJ$7/2))) -> 9.3134459 | AL32: 94.03997 | AM32: =MAX(0,AM31 + ($AL$6 - AL32 - ($AL$7/2))) -> 0
A33: 45861 | B33: 87.03232 | C33: =MAX(0,C32 + ($B$6 - B31 - ($B$7/2))) -> 0 | D33: 90.99183 | E33: =MAX(0,E32 + ($D$6 - D32 - ($D$7/2))) -> 0 | F33: 91.35431 | G33: =MAX(0,G32 + ($F$6 - F33 - ($F$7/2))) -> 46.815504 | H33: 95.80357 | I33: =MAX(0, I32 + ($H$6 - H33 - ($H$7/2))) -> 0 | J33: 84.18702 | K33: =MAX(0,K32 + ($J$6 - J33 - ($J$7/2))) -> 2.6707425 | L33: 90.47046 | M33: =MAX(0,M32 + ($L$6 - L33 - ($L$7/2))) -> 0 | N33: 85.02705 | O33: =MAX(0,O32 + ($N$6 - N33 - ($N$7/2))) -> 0 | P33: 85.92067 | Q33: =MAX(0,Q32 + ($P$6 - P33 - ($P$7/2))) -> 0 | R33: 88.49329 | S33: =MAX(0,S32 + ($R$6 - R33 - ($R$7/2))) -> 0 | T33: 89.56575 | U33: =MAX(0,U32 + ($T$6 - T33 - ($T$7/2))) -> 0 | V33: 78.54695 | W33: =MAX(0,W32 + ($V$6 - V33 - ($V$7/2))) -> 55.667569 | X33: 91.35192 | Y33: =MAX(0,Y32 + ($X$6 - X33 - ($X$7/2))) -> 0 | Z33: 81.56258 | AA33: =MAX(0,AA32 + ($Z$6 - Z33 - ($Z$7/2))) -> 13.852626 | AB33: 92.1499 | AC33: =MAX(0,AC32 + ($AB$6 - AB33 - ($AB$7/2))) -> 0.40016413 | AD33: 91.24982 | AE33: =MAX(0,AE32 + ($AD$6 - AD33 - ($AD$7/2))) -> 10.18137 | AF33: 90.45153 | AG33: =MAX(0,AG32 + ($AF$6 - AF33 - ($AF$7/2))) -> 0 | AH33: 83.62242 | AI33: =MAX(0,AI32 + ($AH$6 - AH33 - ($AH$7/2))) -> 0 | AJ33: 80.86596 | AK33: =MAX(0,AK32 + ($AJ$6 - AJ33 - ($AJ$7/2))) -> 13.897034 | AL33: 92.26691 | AM33: =MAX(0,AM32 + ($AL$6 - AL33 - ($AL$7/2))) -> 0
A34: 45862 | B34: 88.03911 | C34: =MAX(0,C33 + ($B$6 - B32 - ($B$7/2))) -> 0.40731442 | D34: 92.02395 | E34: =MAX(0,E33 + ($D$6 - D33 - ($D$7/2))) -> 0 | F34: 93.25036 | G34: =MAX(0,G33 + ($F$6 - F34 - ($F$7/2))) -> 40.424699 | H34: 90.39048 | I34: =MAX(0, I33 + ($H$6 - H34 - ($H$7/2))) -> 0 | J34: 88.52386 | K34: =MAX(0,K33 + ($J$6 - J34 - ($J$7/2))) -> 0 | L34: 87.80345 | M34: =MAX(0,M33 + ($L$6 - L34 - ($L$7/2))) -> 0 | N34: 80.81123 | O34: =MAX(0,O33 + ($N$6 - N34 - ($N$7/2))) -> 2.6998872 | P34: 90.15141 | Q34: =MAX(0,Q33 + ($P$6 - P34 - ($P$7/2))) -> 0 | R34: 89.22884 | S34: =MAX(0,S33 + ($R$6 - R34 - ($R$7/2))) -> 0 | T34: 85.91949 | U34: =MAX(0,U33 + ($T$6 - T34 - ($T$7/2))) -> 1.583279 | V34: 80.52449 | W34: =MAX(0,W33 + ($V$6 - V34 - ($V$7/2))) -> 62.77451 | X34: 88.80997 | Y34: =MAX(0,Y33 + ($X$6 - X34 - ($X$7/2))) -> 0 | Z34: 86.24207 | AA34: =MAX(0,AA33 + ($Z$6 - Z34 - ($Z$7/2))) -> 12.475434 | AB34: 95.66192 | AC34: =MAX(0,AC33 + ($AB$6 - AB34 - ($AB$7/2))) -> 0 | AD34: 90.67249 | AE34: =MAX(0,AE33 + ($AD$6 - AD34 - ($AD$7/2))) -> 10.384342 | AF34: 93.82949 | AG34: =MAX(0,AG33 + ($AF$6 - AF34 - ($AF$7/2))) -> 0 | AH34: 82.20568 | AI34: =MAX(0,AI33 + ($AH$6 - AH34 - ($AH$7/2))) -> 0 | AJ34: 84.63923 | AK34: =MAX(0,AK33 + ($AJ$6 - AJ34 - ($AJ$7/2))) -> 14.707353 | AL34: 87.4926 | AM34: =MAX(0,AM33 + ($AL$6 - AL34 - ($AL$7/2))) -> 0
A35: 45863 | B35: 89.02515 | C35: =MAX(0,C34 + ($B$6 - B33 - ($B$7/2))) -> 0 | D35: 92.36191 | E35: =MAX(0,E34 + ($D$6 - D34 - ($D$7/2))) -> 0 | F35: 92.96928 | G35: =MAX(0,G34 + ($F$6 - F35 - ($F$7/2))) -> 34.314973 | H35: 84.36426 | I35: =MAX(0, I34 + ($H$6 - H35 - ($H$7/2))) -> 4.1958445 | J35: 84.8475 | K35: =MAX(0,K34 + ($J$6 - J35 - ($J$7/2))) -> 0.051526252 | L35: 86.94151 | M35: =MAX(0,M34 + ($L$6 - L35 - ($L$7/2))) -> 0.20896727 | N35: 80.81349 | O35: =MAX(0,O34 + ($N$6 - N35 - ($N$7/2))) -> 5.3975145 | P35: 92.9961 | Q35: =MAX(0,Q34 + ($P$6 - P35 - ($P$7/2))) -> 0 | R35: 87.50505 | S35: =MAX(0,S34 + ($R$6 - R35 - ($R$7/2))) -> 0 | T35: 85.18879 | U35: =MAX(0,U34 + ($T$6 - T35 - ($T$7/2))) -> 3.8972579 | V35: 83.72673 | W35: =MAX(0,W34 + ($V$6 - V35 - ($V$7/2))) -> 66.679212 | X35: 86.51792 | Y35: =MAX(0,Y34 + ($X$6 - X35 - ($X$7/2))) -> 0 | Z35: 86.34472 | AA35: =MAX(0,AA34 + ($Z$6 - Z35 - ($Z$7/2))) -> 10.995593 | AB35: 93.90564 | AC35: =MAX(0,AC34 + ($AB$6 - AB35 - ($AB$7/2))) -> 0 | AD35: 91.47611 | AE35: =MAX(0,AE34 + ($AD$6 - AD35 - ($AD$7/2))) -> 9.7836929 | AF35: 95.25772 | AG35: =MAX(0,AG34 + ($AF$6 - AF35 - ($AF$7/2))) -> 0 | AH35: 83.9556 | AI35: =MAX(0,AI34 + ($AH$6 - AH35 - ($AH$7/2))) -> 0 | AJ35: 85.70621 | AK35: =MAX(0,AK34 + ($AJ$6 - AJ35 - ($AJ$7/2))) -> 14.450692 | AL35: 89.30339 | AM35: =MAX(0,AM34 + ($AL$6 - AL35 - ($AL$7/2))) -> 0
A36: 45864 | B36: 89.17489 | C36: =MAX(0,C35 + ($B$6 - B34 - ($B$7/2))) -> 0 | D36: 88.29095 | E36: =MAX(0,E35 + ($D$6 - D35 - ($D$7/2))) -> 0 | F36: 93.08778 | G36: =MAX(0,G35 + ($F$6 - F36 - ($F$7/2))) -> 28.086747 | H36: 79.99267 | I36: =MAX(0, I35 + ($H$6 - H36 - ($H$7/2))) -> 12.763279 | J36: 87.19206 | K36: =MAX(0,K35 + ($J$6 - J36 - ($J$7/2))) -> 0 | L36: 89.99804 | M36: =MAX(0,M35 + ($L$6 - L36 - ($L$7/2))) -> 0 | N36: 87.69728 | O36: =MAX(0,O35 + ($N$6 - N36 - ($N$7/2))) -> 1.2113517 | P36: 94.30927 | Q36: =MAX(0,Q35 + ($P$6 - P36 - ($P$7/2))) -> 0 | R36: 93.72969 | S36: =MAX(0,S35 + ($R$6 - R36 - ($R$7/2))) -> 0 | T36: 89.40572 | U36: =MAX(0,U35 + ($T$6 - T36 - ($T$7/2))) -> 1.9943069 | V36: 88.41494 | W36: =MAX(0,W35 + ($V$6 - V36 - ($V$7/2))) -> 65.895703 | X36: 89.69028 | Y36: =MAX(0,Y35 + ($X$6 - X36 - ($X$7/2))) -> 0 | Z36: 89.19728 | AA36: =MAX(0,AA35 + ($Z$6 - Z36 - ($Z$7/2))) -> 6.6631923 | AB36: 94.88473 | AC36: =MAX(0,AC35 + ($AB$6 - AB36 - ($AB$7/2))) -> 0 | AD36: 90.54861 | AE36: =MAX(0,AE35 + ($AD$6 - AD36 - ($AD$7/2))) -> 10.110544 | AF36: 98.16234 | AG36: =MAX(0,AG35 + ($AF$6 - AF36 - ($AF$7/2))) -> 0 | AH36: 87.76695 | AI36: =MAX(0,AI35 + ($AH$6 - AH36 - ($AH$7/2))) -> 0 | AJ36: 86.25679 | AK36: =MAX(0,AK35 + ($AJ$6 - AJ36 - ($AJ$7/2))) -> 13.64345 | AL36: 88.89331 | AM36: =MAX(0,AM35 + ($AL$6 - AL36 - ($AL$7/2))) -> 0
A37: 45865 | B37: 91.16874 | C37: =MAX(0,C36 + ($B$6 - B35 - ($B$7/2))) -> 0 | D37: 90.20938 | E37: =MAX(0,E36 + ($D$6 - D36 - ($D$7/2))) -> 0 | F37: 93.04008 | G37: =MAX(0,G36 + ($F$6 - F37 - ($F$7/2))) -> 21.906221 | H37: 81.34007 | I37: =MAX(0, I36 + ($H$6 - H37 - ($H$7/2))) -> 19.983313 | J37: 88.73187 | K37: =MAX(0,K36 + ($J$6 - J37 - ($J$7/2))) -> 0 | L37: 88.45826 | M37: =MAX(0,M36 + ($L$6 - L37 - ($L$7/2))) -> 0 | N37: 89.3009 | O37: =MAX(0,O36 + ($N$6 - N37 - ($N$7/2))) -> 0 | P37: 91.20236 | Q37: =MAX(0,Q36 + ($P$6 - P37 - ($P$7/2))) -> 0 | R37: 95.65599 | S37: =MAX(0,S36 + ($R$6 - R37 - ($R$7/2))) -> 0 | T37: 92.69789 | U37: =MAX(0,U36 + ($T$6 - T37 - ($T$7/2))) -> 0 | V37: 88.12206 | W37: =MAX(0,W36 + ($V$6 - V37 - ($V$7/2))) -> 65.405074 | X37: 89.25166 | Y37: =MAX(0,Y36 + ($X$6 - X37 - ($X$7/2))) -> 0 | Z37: 93.11807 | AA37: =MAX(0,AA36 + ($Z$6 - Z37 - ($Z$7/2))) -> 0 | AB37: 95.7751 | AC37: =MAX(0,AC36 + ($AB$6 - AB37 - ($AB$7/2))) -> 0 | AD37: 93.03226 | AE37: =MAX(0,AE36 + ($AD$6 - AD37 - ($AD$7/2))) -> 7.9537455 | AF37: 97.73113 | AG37: =MAX(0,AG36 + ($AF$6 - AF37 - ($AF$7/2))) -> 0 | AH37: 86.15454 | AI37: =MAX(0,AI36 + ($AH$6 - AH37 - ($AH$7/2))) -> 0 | AJ37: 87.12025 | AK37: =MAX(0,AK36 + ($AJ$6 - AJ37 - ($AJ$7/2))) -> 11.972749 | AL37: 89.78845 | AM37: =MAX(0,AM36 + ($AL$6 - AL37 - ($AL$7/2))) -> 0
A38: 45866 | B38: 91.17478 | C38: =MAX(0,C37 + ($B$6 - B36 - ($B$7/2))) -> 0 | D38: 83.57666 | E38: =MAX(0,E37 + ($D$6 - D37 - ($D$7/2))) -> 0 | F38: 96.22868 | G38: =MAX(0,G37 + ($F$6 - F38 - ($F$7/2))) -> 12.537096 | H38: 88.28254 | I38: =MAX(0, I37 + ($H$6 - H38 - ($H$7/2))) -> 20.260878 | J38: 91.27512 | K38: =MAX(0,K37 + ($J$6 - J38 - ($J$7/2))) -> 0 | L38: 88.71211 | M38: =MAX(0,M37 + ($L$6 - L38 - ($L$7/2))) -> 0 | N38: 88.04537 | O38: =MAX(0,O37 + ($N$6 - N38 - ($N$7/2))) -> 0 | P38: 87.39609 | Q38: =MAX(0,Q37 + ($P$6 - P38 - ($P$7/2))) -> 0 | R38: 96.059 | S38: =MAX(0,S37 + ($R$6 - R38 - ($R$7/2))) -> 0 | T38: 96.53069 | U38: =MAX(0,U37 + ($T$6 - T38 - ($T$7/2))) -> 0 | V38: 91.07455 | W38: =MAX(0,W37 + ($V$6 - V38 - ($V$7/2))) -> 61.961955 | X38: 90.62039 | Y38: =MAX(0,Y37 + ($X$6 - X38 - ($X$7/2))) -> 0 | Z38: 92.27632 | AA38: =MAX(0,AA37 + ($Z$6 - Z38 - ($Z$7/2))) -> 0 | AB38: 95.12656 | AC38: =MAX(0,AC37 + ($AB$6 - AB38 - ($AB$7/2))) -> 0 | AD38: 94.36 | AE38: =MAX(0,AE37 + ($AD$6 - AD38 - ($AD$7/2))) -> 4.4692068 | AF38: 96.80755 | AG38: =MAX(0,AG37 + ($AF$6 - AF38 - ($AF$7/2))) -> 0 | AH38: 83.16346 | AI38: =MAX(0,AI37 + ($AH$6 - AH38 - ($AH$7/2))) -> 0 | AJ38: 91.5819 | AK38: =MAX(0,AK37 + ($AJ$6 - AJ38 - ($AJ$7/2))) -> 5.8403976 | AL38: 91.11787 | AM38: =MAX(0,AM37 + ($AL$6 - AL38 - ($AL$7/2))) -> 0
... A133: 45961 | B133: 63.83046 | C133: =MAX(0,C132 + ($B$6 - B131 - ($B$7/2))) -> 432.1768 | D133: 78.85423 | E133: =MAX(0,E132 + ($D$6 - D132 - ($D$7/2))) -> 295.84859 | F133: 72.35307 | G133: =MAX(0,G132 + ($F$6 - F133 - ($F$7/2))) -> 626.40408 | H133: 75.98847 | I133: =MAX(0, I132 + ($H$6 - H133 - ($H$7/2))) -> 732.47892 | J133: 68.53345 | K133: =MAX(0,K132 + ($J$6 - J133 - ($J$7/2))) -> 524.10138 | L133: 69.9463 | M133: =MAX(0,M132 + ($L$6 - L133 - ($L$7/2))) -> 569.91993 | N133: 72.87967 | O133: =MAX(0,O132 + ($N$6 - N133 - ($N$7/2))) -> 424.14036 | P133: 76.16107 | Q133: =MAX(0,Q132 + ($P$6 - P133 - ($P$7/2))) -> 463.48158 | R133: 67.97415 | S133: =MAX(0,S132 + ($R$6 - R133 - ($R$7/2))) -> 325.93935 | T133: 73.08971 | U133: =MAX(0,U132 + ($T$6 - T133 - ($T$7/2))) -> 689.40399 | V133: 66.49032 | W133: =MAX(0,W132 + ($V$6 - V133 - ($V$7/2))) -> 478.20956 | X133: 64.55886 | Y133: =MAX(0,Y132 + ($X$6 - X133 - ($X$7/2))) -> 501.63202 | Z133: 70.776 | AA133: =MAX(0,AA132 + ($Z$6 - Z133 - ($Z$7/2))) -> 617.09645 | AB133: 74.62618 | AC133: =MAX(0,AC132 + ($AB$6 - AB133 - ($AB$7/2))) -> 388.7197 | AD133: 67.14295 | AE133: =MAX(0,AE132 + ($AD$6 - AD133 - ($AD$7/2))) -> 778.95188 | AF133: 63.30258 | AG133: =MAX(0,AG132 + ($AF$6 - AF133 - ($AF$7/2))) -> 605.28734 | AH133: 84.47681 | AI133: =MAX(0,AI132 + ($AH$6 - AH133 - ($AH$7/2))) -> 302.29357 | AJ133: 76.28772 | AK133: =MAX(0,AK132 + ($AJ$6 - AJ133 - ($AJ$7/2))) -> 323.10117 | AL133: 75.38342 | AM133: =MAX(0,AM132 + ($AL$6 - AL133 - ($AL$7/2))) -> 629.45674

Sheet Results
A1: SMOOTHED DATA | E1: RAW DATA
A2: Years | B2: Last day of summer | C2: Temperature on the last day of summer | E2: Years | F2: Last day of summer | G2: Temperature on the last day of summer
A3: 1996 | E3: 1996 | F3: 45914 | G3: 79
A4: 1997 | B4: 45930 | C4: 64.04852 | E4: 1997 | F4: 45928 | G4: 68
A5: 1998 | B5: 45931 | C5: 69.54799 | E5: 1998 | F5: 45927 | G5: 87
A6: 1999 | B6: 45921 | C6: 70.20221 | E6: 1999 | F6: 45920 | G6: 68
A7: 2000 | B7: 45907 | C7: 72.8362 | E7: 2000 | F7: 45906 | G7: 66
A8: 2001 | B8: 45918 | C8: 78.3928 | E8: 2001 | F8: 45918 | G8: 81
A9: 2002 | B9: 45924 | C9: 80.16571 | E9: 2002 | F9: 45923 | G9: 82
A10: 2003 | B10: 45922 | C10: 79.5776 | E10: 2003 | F10: 45916 | G10: 81
A11: 2004 | B11: 45916 | C11: 72.47895 | E11: 2004 | F11: 45913 | G11: 79
A12: 2005 | B12: 45938 | C12: 70.7583 | E12: 2005 | F12: 45938 | G12: 73
A13: 2006 | B13: 45914 | C13: 72.34785 | E13: 2006 | F13: 45911 | G13: 84
A14: 2007 | B14: 45919 | C14: 76.82767 | E14: 2007 | F14: 45918 | G14: 79
A15: 2008 | B15: 45919 | C15: 78.34013 | E15: 2008 | F15: 45918 | G15: 82
... A17: 2010 | B17: 45931 | C17: 75.22927 | E17: 2010 | F17: 45930 | G17: 76
A18: 2011 | B18: 9-Sep | C18: 72.91695 | E18: 2011 | F18: 45907 | G18: 69
A19: 2012 | B19: 45906 | C19: 83.76998 | E19: 2012 | F19: 45904 | G19: 77
A20: 2013 | B20: 45930 | C20: 71.9801 | E20: 2013 | F20: 45928 | G20: 77
A21: 2014 | B21: 45927 | C21: 74.23674 | E21: 2014 | F21: 45926 | G21: 74
A22: 2015 | B22: 45914 | C22: 75.10617 | E22: 2015 | F22: 45913 | G22: 75
